Hash,Contacted URLs
c6c4ec287b61ba78cef6859b39e47c40bcd5e528da9ad5681cd6eec6a124e0d1
113536e025e6ff8e56409c3e9c6898d8101855d1aa01627e3d13ac8ce51b3fe5
c7ccd2aee0bddaf0e6c8f68edba14064e4a9948981231491a87a277e0047c0cb
43970f5b50d5f9e60e975e0edeef8f5a703d86a630d4eecc46f337cedf7fb75c
222555cb50f8767cf6644922fba1c717b82e53c9499e4e1da1a2fef36c00a497
7cc8e9102d9f7ed6c0ec641bf1135fd870c171dc6573bf1d58c9435afe4cedc2
676ae680967410e0f245df0b6163005d8799c84e2f8f87bad6b5e30295554e08,http://api.pcloud.com:443/getfilelink,http://api.pcloud.com/uploadfile?path=/&filename=1ABB062500033C9D&nopartial=1,http://api.pcloud.com/getfilelink?path=/2A56571C000158F8&forcedownload=1&skipfilename=1,http://api.pcloud.com/uploadfile?path=/&filename=533836690003D538&nopartial=1,http://api.pcloud.com:443/uploadfile
3be58a7a7a25dbceee9e7ef06ef20aa86aef083be19db9e5ffb181d3f9f6615a,http://www.microsoft.com/pki/certs/MicrosoftTimeStampPCA.crt,http://cloud-api.yandex.net:443/,http://api.pcloud.com/listfolder?path=/,http://crt.sectigo.com/SectigoPublicCodeSigningCAR36.crt,http://cloud-api.yandex.net/v1/disk/resources?path=/&limit=500,http://trust.quovadisglobal.com/qvrca2g3.crt,http://api.pcloud.com:443/,http://www.microsoft.com/pki/certs/MicCodSigPCA_08-31-2010.crt,http://crt.sectigo.com/SectigoPublicCodeSigningRootR46.p7c
aa76b4db29cf929b4b22457ccb8cd77308191f091cde2f69e578ade9708d7949,http://api.pcloud.com/listfolder?path=/,http://cloud-api.yandex.net/v1/disk/resources?path=/&limit=500,http://trust.quovadisglobal.com/qvrca2g3.crt,http://api.pcloud.com:443/,http://cloud-api.yandex.net:443/
ec75df576029243ab37172d433b1f972ec13d8748915fd9ab63862849da0a177,http://api.pcloud.com/getfilelink?path=/def_2CCC15A1.jpg&forcedownload=1&skipfilename=1,http://api.pcloud.com/uploadfile?path=/&filename=pho_2CCC15A1_12.jpg&nopartial=1
4569af9576f45a67a295929e4ec5fc71b7b3371cf8887fc3d9bd5895a7c332c7
2a253c2aa1db3f809c86f410e4bd21f680b7235d951567f24d614d8e4d041576,http://api.pcloud.com:443/getfilelink,http://trust.quovadisglobal.com/qvrca2.crt,http://api.pcloud.com:443/uploadfile
5f3caa125ff023fcf98f4d22fffa46bda0d71fe92b260ed4b16f0174230e4e68
758348521331bb18241d1cfc90d7e687dbc5bad8d596a2b2d6a9deb6cfc8cb1d,http://api.pcloud.com/uploadfile?path=/Comment&filename=639352B900049DD4&nopartial=1,http://api.pcloud.com/getfilelink?path=/Program/76C772DE00016843&forcedownload=1&skipfilename=1,http://api.pcloud.com/listfolder?path=/,http://api.pcloud.com/getfilelink?path=/Program/76A364C20003DB8C&forcedownload=1&skipfilename=1,http://trust.quovadisglobal.com/qvrca2g3.crt,http://api.pcloud.com/uploadfile?path=/Comment&filename=33C50DD10003E6B7&nopartial=1
758348521331bb18241d1cfc90d7e687dbc5bad8d596a2b2d6a9deb6cfc8cb1d,http://api.pcloud.com/uploadfile?path=/Comment&filename=639352B900049DD4&nopartial=1,http://api.pcloud.com/getfilelink?path=/Program/76C772DE00016843&forcedownload=1&skipfilename=1,http://api.pcloud.com/listfolder?path=/,http://api.pcloud.com/getfilelink?path=/Program/76A364C20003DB8C&forcedownload=1&skipfilename=1,http://trust.quovadisglobal.com/qvrca2g3.crt,http://api.pcloud.com/uploadfile?path=/Comment&filename=33C50DD10003E6B7&nopartial=1
84760cac26513915ebfb0a80ad3ddabe62f03ec4fda227d63e764f9c4a118c4e,http://cloud-api.yandex.net/v1/disk/resources?path=/&limit=500,http://trust.quovadisglobal.com/qvrca2g3.crt,http://api.pcloud.com/listfolder?path=/
84760cac26513915ebfb0a80ad3ddabe62f03ec4fda227d63e764f9c4a118c4e,http://cloud-api.yandex.net/v1/disk/resources?path=/&limit=500,http://trust.quovadisglobal.com/qvrca2g3.crt,http://api.pcloud.com/listfolder?path=/
562233f5736ffcf227535f9538595bf9fecceeaa61f11acdf5d0a80e25fa5d25,http://api.pcloud.com/getfilelink?path=/def_5B5001F1.jpg&forcedownload=1&skipfilename=1,http://api.pcloud.com/uploadfile?path=/&filename=pho_5B5001F1_0.jpg&nopartial=1,https://api.pcloud.com/getfilelink?path=/def_0B9A5F26.jpg&forcedownload=1&skipfilename=1,http://trust.quovadisglobal.com/qvrca2.crt
182210304c2329850a42f13bb66990862647c44e8fc6ba53648ca37a4b32751c,http://api.pcloud.com/getfilelink?path=/def_1CEB5245.jpg&forcedownload=1&skipfilename=1,http://api.pcloud.com/uploadfile?path=/&filename=pho_4C54143D_8.jpg&nopartial=1,http://ctldl.windowsupdate.com/msdownload/update/v3/static/trustedr/en/authrootstl.cab
ebce34cdeb20bc8c75249ce87a3080054f48b03ef66572fbc9dc40e6c36310d6,https://api.pcloud.com/listfolder?path=/,http://cloud-api.yandex.net/v1/disk/resources?path=/&limit=500,http://trust.quovadisglobal.com/qvrca2g3.crt,http://api.pcloud.com/listfolder?path=/
b5d2225f8422b0ad9d4162fbe72fbaded52e27f74631dcc1dc8dabfaa2880513,http://trust.quovadisglobal.com/qvrca2g3.crt,http://api.pcloud.com/uploadfile?path=/&filename=pho_4C0B38D5_1.jpg&nopartial=1
aa76b4db29cf929b4b22457ccb8cd77308191f091cde2f69e578ade9708d7949,http://api.pcloud.com/listfolder?path=/,http://cloud-api.yandex.net/v1/disk/resources?path=/&limit=500,http://trust.quovadisglobal.com/qvrca2g3.crt,http://api.pcloud.com:443/,http://cloud-api.yandex.net:443/
aa76b4db29cf929b4b22457ccb8cd77308191f091cde2f69e578ade9708d7949,http://api.pcloud.com/listfolder?path=/,http://cloud-api.yandex.net/v1/disk/resources?path=/&limit=500,http://trust.quovadisglobal.com/qvrca2g3.crt,http://api.pcloud.com:443/,http://cloud-api.yandex.net:443/
3be58a7a7a25dbceee9e7ef06ef20aa86aef083be19db9e5ffb181d3f9f6615a,http://www.microsoft.com/pki/certs/MicrosoftTimeStampPCA.crt,http://cloud-api.yandex.net:443/,http://api.pcloud.com/listfolder?path=/,http://crt.sectigo.com/SectigoPublicCodeSigningCAR36.crt,http://cloud-api.yandex.net/v1/disk/resources?path=/&limit=500,http://trust.quovadisglobal.com/qvrca2g3.crt,http://api.pcloud.com:443/,http://www.microsoft.com/pki/certs/MicCodSigPCA_08-31-2010.crt,http://crt.sectigo.com/SectigoPublicCodeSigningRootR46.p7c
fa4df84071b9ae20b321e4d22162d8480f6992206bc046e403c2fbedd1655503,http://cloud-api.yandex.net/v1/disk/resources?path=/&limit=500,http://trust.quovadisglobal.com/qvrca2g3.crt,http://api.pcloud.com/listfolder?path=/
573980fefea42e88142b2075c3e891bc4442efd222f402cb1135b95588ef1ce0
fb5581f231a5e118240010ce060b4eea10ade0701ae48fe0f2b9b3b8661e5e4b
a1e4e95a20120f16adacb342672eec1e73bd7826b332096f046bb7e2b7cd80a1,http://api.pcloud.com/uploadfile?path=/&filename=3756260A0003CB5F&nopartial=1,http://trust.quovadisglobal.com/qvrca2.crt
a1e4e95a20120f16adacb342672eec1e73bd7826b332096f046bb7e2b7cd80a1,http://api.pcloud.com/uploadfile?path=/&filename=3756260A0003CB5F&nopartial=1,http://trust.quovadisglobal.com/qvrca2.crt
28615994b83c64351d7513b7c2a782a4a3be9a1472a2d45d82914c410ea6a54f
24780c5e3bfc6dae65532dd130c326c03bd50a2ffa7e6d1c6dcfca9d481f463b,http://api.dropboxapi.com/2/files/create_folder,http://content.dropboxapi.com/2/files/download
db4c468e566e2c73056d625e3e27eb3e3a921edbe19121bf5624f9421fa1e18c
6821232643531b76daadc64b48baf1891481382388285fb3445bc6786cab44da
af48f431cb7bfac9de28da45e6724aae55d7527da288856863fe5b63e7ecad9a
e992518194e1e740783e81d07cfb4e36b930efab62060343201bbd7bb58b0760
e992518194e1e740783e81d07cfb4e36b930efab62060343201bbd7bb58b0760
96dc1231465c1e62c14d539d0c3a2dc29a5fcfdd8294add7ef3d71ca348c5e15
96dc1231465c1e62c14d539d0c3a2dc29a5fcfdd8294add7ef3d71ca348c5e15
18dbc4a33fce566c400b1eaad7b218748eafd435e46798464d3e1dcc7f904242
723cf34ba34faa2939e66962991185872fec168bef34740ee8543594f0c9f3c2
989abe8631dcd5af1ee97b15c3f7ce021248f860b276c21fb6538ddae6af0bd2
989abe8631dcd5af1ee97b15c3f7ce021248f860b276c21fb6538ddae6af0bd2
90e10668fc7110799d3986eacdc823c0d88a8144096021b2e4c0e6f7c6a43213
a81dba4bd8befa22cab1d6ee6cecf5ea1ac49897409aab9371e0970b86e862be
a81dba4bd8befa22cab1d6ee6cecf5ea1ac49897409aab9371e0970b86e862be
cce0f592b4a2155fdf3cbfcbc5d16004f8293a7ffc22b9fd7af83c4b13043e49
5a11cdf620fcf3db855401b8dc95cc5c8d02a7ebb0931c8d2b4acc9ab54c4cb0
7ee20075c203ffa61dc22d37be17f6cb700d9b6ca705030524a98b0f47bbe603
5ae808d4c2c3efbeb1e5a72d6d9cdd10d7543b1591079d1b67fbdd07f8aeedff
074d370d9bb1bcb8f047e841940574afed4e5273ba9eb094b2ef245be639948c
f9def8c915c0f38ab1a1ec274aa06fe767bf880b9acfd8e0e9f0faec41973d3c
f9def8c915c0f38ab1a1ec274aa06fe767bf880b9acfd8e0e9f0faec41973d3c
4b7d946f7118c9a25fb7ceaa23fa1cb52785fade4a40968c74b44eed94a7fe13
4b7d946f7118c9a25fb7ceaa23fa1cb52785fade4a40968c74b44eed94a7fe13
7454c86d5d3a54f1f7ae0ac82d6134531570d04bc90ce4b28384a66767be4b08
75841aac7d9e77d567dfc30ec6ffc852d801fc25efc6416b5e755b846428357e,http://api.dropboxapi.com/2/files/create_folder,http://content.dropboxapi.com/2/files/download
359b5443692c4e262ca8d0adb45453f5255f489dea4b16ce0e68a17cc735fea7
fe696f8fb3f927bfbc9dbdcb067f87f3ada1afa8a76385f16e5b3dd70adf5ca2
3f0785357d9997794dbc96b6ed56fd51cc5993a37bc52b4fa54802eaed05bbeb
125dde6564589bc5284f244e7c6f49b7b8b1be9c8fdd4c5f29d88b000bb15314,http://asplinc.com/xe/modules/page/queries/query_read.dsql
4c5e8795b3df0c1b43e46cedb488126ccb807fafdc5bd4b98c62edec4bfbed74
e200517ab9482e787a59e60accc8552bd0c844687cd0cf8ec4238ed2fc2fa573,http://api.pcloud.com/uploadfile?path=/&filename=pho_222D1A57_1.jpg&nopartial=1,http://trust.quovadisglobal.com/qvrca2.crt
ca79a7b4e59762d5bdf691b2e58d166e4a402c8f9cc64ce14e7a74d345980c01
5e70578174bcfcd919f1b187acf0a44056b85b8bec153eefbbf45b8ab12beddf
2fb11249db93f73256b2945bfc357d8a4af514801520b9ffbf4a5e7a8c52ad60
019b244a5edc5b26ae18533d3756cc30269c667ed26b16437806c677e4d6e6ca,http://api.pcloud.com/getfilelink?path=/185E19AE000131D8&forcedownload=1&skipfilename=1,http://api.pcloud.com/uploadfile?path=/&filename=678418BE00013A8F&nopartial=1,http://api.pcloud.com/uploadfile?path=/&filename=29C1259E00081E49&nopartial=1
019b244a5edc5b26ae18533d3756cc30269c667ed26b16437806c677e4d6e6ca,http://api.pcloud.com/getfilelink?path=/185E19AE000131D8&forcedownload=1&skipfilename=1,http://api.pcloud.com/uploadfile?path=/&filename=678418BE00013A8F&nopartial=1,http://api.pcloud.com/uploadfile?path=/&filename=29C1259E00081E49&nopartial=1
7d1c4a86599eaa72c5ca7b6926241f4c15d88512945cacf306fd3ba3718755f5,https://content.dropboxapi.com/2/files/upload
b902954d634307260d5bd8fb6248271f933c1cbc649aa2073bf05e79c1aedb66
b902954d634307260d5bd8fb6248271f933c1cbc649aa2073bf05e79c1aedb66
e20d6f1912155f05c814ef7db3f4036d747d3efc36fc8aaae0b2451d8ae01560,http://api.dropboxapi.com:443/2/files/create_folder,http://api.dropboxapi.com:443/2/files/delete
c4321cf3e1a0a01bb116faf0d467be0bb41234de34d841a0f7d899b04f93cc14,http://www.kgls.or.kr/news2/news_dir/32B220A9_put.jpg,http://www.kgls.or.kr/news2/news_dir/4E1B5261_put.jpg,http://www.kgls.or.kr/news2/news_dir/0D664950_put.jpg,http://www.kgls.or.kr/news2/news_dir/76DF3AB0_put.jpg,http://www.kgls.or.kr/news2/news_dir/index.php
13d0d2a79df77657cb725151682fea23fe2f1ebca6d5f38fbacc4ff14b097482,http://www.kgls.or.kr/news2/news_dir/0ABA3868_put.jpg,http://www.kgls.or.kr/news2/news_dir/index.php,http://www.kgls.or.kr/news2/news_dir/3F60145C_put.jpg,http://www.kgls.or.kr/news2/news_dir/58E0556D_put.jpg
95c91eec1c2ba54383e2982cfa304d20854e9c96415dea80cbacb0649400ee33
95c91eec1c2ba54383e2982cfa304d20854e9c96415dea80cbacb0649400ee33
fdf44236f557d303c2b5ba4189d20818cc3cd37b1ac454b1fcdf71a705594602,http://www.hulu.com/watch/559035/episode3.mp4,http://api.twitter.com/1.1/statuses/update.json
fdf44236f557d303c2b5ba4189d20818cc3cd37b1ac454b1fcdf71a705594602,http://www.hulu.com/watch/559035/episode3.mp4,http://api.twitter.com/1.1/statuses/update.json
1ef24f4d609eed01e0a23d20805ea5379a7f162de7308a49b2cdfcaf77baea12,http://www.kgls.or.kr/news2/news_dir/index.php,http://www.kgls.or.kr/news2/news_dir/2E3D6B4B_put.jpg
5a915f9aed6bab599a751e494dad2b0c6d1d75a48f1680f41af209b8f76c44d8,http://api.pcloud.com/uploadfile?path=/&filename=pho_4149387F_4.jpg&nopartial=1,http://api.pcloud.com/getfilelink?path=/def_4149387F.jpg&forcedownload=1&skipfilename=1
5a915f9aed6bab599a751e494dad2b0c6d1d75a48f1680f41af209b8f76c44d8,http://api.pcloud.com/uploadfile?path=/&filename=pho_4149387F_4.jpg&nopartial=1,http://api.pcloud.com/getfilelink?path=/def_4149387F.jpg&forcedownload=1&skipfilename=1
1bd89476c31b4024c5dbb1187d67ac0aae210e85192936795ed5f290806df091,http://www.kgls.or.kr/news2/news_dir/index.php,http://www.kgls.or.kr/news2/news_dir/19BB708D_put.jpg,http://www.kgls.or.kr/news2/news_dir/4E066D90_put.jpg,http://www.kgls.or.kr/news2/news_dir/3AB02DDF_put.jpg,http://www.kgls.or.kr/news2/news_dir/0E38697F_put.jpg
f1c3f929a55e94ba8b1441ada4a68b42e95a69fd3eb6666dcb88db09f59fd2e6,http://www.kgls.or.kr/news2/news_dir/index.php,http://www.kgls.or.kr/news2/news_dir/5ABC6416_put.jpg,http://www.kgls.or.kr/news2/news_dir/1EAD6040_put.jpg,http://www.kgls.or.kr/news2/news_dir/0B622552_put.jpg
732183a8218a0e6efd018d30de7b9e47eb256c536323b1dff172ae52fd516766,http://api.pcloud.com/getfilelink?path=/def_0F927C85.jpg&forcedownload=1&skipfilename=1,http://api.pcloud.com/uploadfile?path=/&filename=pho_0F927C85_0.jpg&nopartial=1
e7c94690781c9b1f1fcc18ba6ecf1117698e005f2e3e9c33e19450de24465018,http://www.kgls.or.kr/news2/news_dir/33FB31A7_put.jpg,http://www.kgls.or.kr/news2/news_dir/337C64F7_put.jpg,http://www.kgls.or.kr/news2/news_dir/06245B15_put.jpg,http://www.kgls.or.kr/news2/news_dir/index.php,http://www.kgls.or.kr/news2/news_dir/01BA101C_put.jpg
0a849c124e00725df13b88a4375afa41766e98d8616119a3d230f4253cf20a14
0226b544d773a7221993a6dd9822b4385cab4c25d1edc52572533f4184263972
0340f7e9cf441b646ca4cb0c7537a792eb77c93bf3cfbcbc02bfcb9cbca34d15
0028830134301919a4dd64dc83ea0c0d3483c4380862c9adefac4214a38e4f3a
01657cb2d585265fbe9ff9fc0f18c0808af56154805c02fab6e613cb4437311e
d75a6308b9d6e9150060bcce7971c6a3b9e18ee824ce78f85fa9404335d4dac8
03d4a5b6afc7170230c02b3090d9926edb0fb3591674a8766b5b39a3cb07b25f
03f01ee6238302e4d40f1f0f64e909ecab24cefa5ec9770eff86dd6ff1c5c0b4
0165bb05af8a07c8813bcef940aceedc8e24cc195f2c4d4eb4a6aa9eadd3ba8d
02823f97f73e7e733e50f43a1c6092fba560c9c099839817107a10f44e26c5cd
037815c9e71d9f9c78982b476bc4e4b2c9829a266894610979c68cd621d22f66
014fcc12f865dc462ef0618378725fe02ad309bc7d7bd9c5795fbc27b6dab39a
028968b897d69982b85b9edb0b8a080634b72a352aa1033be769dd5f03a152f0
02d13f3b2ab2a63f1ee1650fef58bb34b8b3f9c87d3634ee5f9a9eaf1566c3e1
0212861e5a3a351d3342f8ccce171092ece196bb88b98a0913fc274b304b641d
03971b052281fb5b4f4cba9a6b5359b892195f889383c2ec083b470a99883000
02a53248259f577ec16ee85bb1d04120e1288c122bc7cf41379a1e192070c57c
015765f1f7b0f54b9d989a03f95319d32257699af527a77bf70e7b9f681197ea
031900ab95784e3eaf2f87051f0de0a03c3e12459536bf59f9412f0a1693b9b5
01d0e03efb33fc7362886ef2d9c7bab69e0d971997502b680b9bb62d1e05d743
022d3fbb99cbde4cea708bc3788425fe034e77bb595a08c1a1048469ff6caf8b
032b0d4e9f69408711ce03dc195caf81796433bbf4b6a00beae6a3ab35edb425
0034adf5be315deda8e7916d9e320b75aeded74df144b327f8eadc770ee02f2f
03e823fcc58e0363051c3b7b8656d32772ea63fd632e2a1316a2378697c51f21
02fee6187bc19073e95a030b62c1112f7e29822391eaf2bf7c18a3cd41f6f45f
0189748b83ea2d3aebd21f28dcd723e5cab03e47adab906fc900864e3a5f1ffa
025efc3ce9a41d3dac21da2bf975ef860fc8f667929e6c40a0882c8c85b1f0d9
03af80a97aa32b8a02a6b82c596187866ba4907e9bf8328effe39b938d878997
015d6817923119655597f6cda29f0b0725e2d729391ad71b1cbf0fc3fdd81bb2
0041dca54b808f883daea58da5003ebb43a0922c5fca4625f5b061eedc139761
00224e1167fea2902c7a52a798cdc5fc407afe489b2ee60c3a65556c075075b5
023b03ee2b267a819048b5d810513518d49b6c5c3b9dbcb14e47f7ed7b91d81d
03d80f6b3366a09bc53cb24d7e5def854792d9d5cb01c307ef8fb9aa5e7780c6
02e765506f0f9d785945f4029da37335a6d924dba5326ff9a8c322b6cb6fff71
00eb1edb1929e7179eb043cb5406d5e350b71ede63199fc5d487d288b5811170
012020ba516fcfb4c7f32cdce7cb376c58a706acc466945989397129053fba66
00b112e20e3c8619cdaa9b39bfdd0bc4731c031fde4f3d51ce038c1afd237b4d
001780bf637ec877918e3ac311b1501957309f60976bc798bc844316d4e0d90f
00c481f748b7a37946ea4d702794d3d3c2e63bc8b7992e3aa5b507377dbdfbfb
00514114517f184b88fc93bc38a6ab34ba21395e44b6dfbf1089cd0ab5da5399
03896af428da730d46820fa6972d70313114453907c9b5beeb21fc9d5e5e05dc
018ea6bc0e3ff09b8959d8387a6237f7a639cf655d1a5b8f9ccfab3d22e89335
03c76e9b05d26a9b9f8826e7604f5c1725dfa72428f923af2e038cc1d97790fc
00354777438f043e81820f2074b9a9532fb29c2f5f04acf283a1880bd5a9983e
00019a7e5767b044bfe8b9b442f3ba146011b3cc6168925b56b5160bed69e714
015bb1b382bb54501844496b4d1b08fd751bc89c2417e68a8936b0303679598d
00dc3f60a9e016c84881c1215992a596ee8ab72539f77d7dc50e1341dfe2266f
0061325362444eae66875a6bf8b9d9858994d3aafe445552180475defa8cb05c
015c6e82e772444f715df2c43b55fa865a790edd8df6750003a82410cff857f5
027280cfda0b1f98863a2c45d768fa9f903a09b73d430fca5db97d812419c0e6
0194dee3166ba52565af5874306026604db1920f318f28d800be492cf52401dc
0163a2df382dffe5e7c759d4da7c85c3d1c94a4f7f35754ced404a8c5c307ede
022b1dcc2038c212785d8a3f6163f353b995bc68fe10b8c081f59d4bd3d21eb7
01c64a76a93d453c59de4eb74956b3805ce6f86505936379f2a0ca3c2b33f6b6
0239c3bce7b4c2127470c790116e26aa0f77ab340f40cfeaf0e8c06ea1787cce
00a0a94c14986a5796974d5139d8bccc1f274ee3f482f860f6046a6355c07ef2
0364dda46ae6f52b0c65216ff4d86723eee9c900c558edc33640c167bf381253
03bb2c19576d21bf0b5a76358abc9ba3b318f5127e4a33d3764c12ade4dfc159
03d3e80b4993c311403af6a98f3c616fa8f764a6daead3e12dd0e9a4fe5e8f8e
00222a9358641fb84ec46045978468d3429660f5a0eaf72fbdfe55c978db54b0
0095eddc795de4e3c103acd75517a291f7654e868bb2b9ff8c3cc17c24d79385
027ecf16b2cc1844321da55fee813894c3646c98f2ed98e47683c4a1356cf917
035a538fa71d3322b6341b8a891f71b22aa2a6073a050dcb69fb683b7563878d
02ae2a0c19bda12779f3735b8c6a4826a6cdd44a555315299d36494fafbb071f
0177690cc9c4e9509e11355ed5d3b384ac8c41bc468b5b3fda86309130be3b38
00bb518572f247deac17ffc5b65dc1adad4b159d3210f1cf55d64ced0bb6cd1e
02ad674a9fb927fd0762084f8e0bcaab38679ab43e4bb8c73ff984b31d467099
00a675177887a20e9436333aa7621fd85510543c06a5034cbc81938f4c6b171d
027540ebce236c8aad5a5bb172887ff8a5efc1e0792c1aeaf6717924e0e47102
01a6243c675b835a298d72ec433d3f20a5e77863f08759babd0f65ab2b8829b0
b8b331d4a061888c23b4a8527988859a1cdae48272070fc2052ad0c9a924140c
6d079092bc3b7ee7b2739db486946c02913e41b3ddb53a4f5dd7994f3e54e1d2
6da65e09f6381cc5b991db8ac7e7f7c1a1c1d6b878ba930aa8cf714471d11ec7
01eb33b3bfc286cc069ec0ae7daa572c6694aa55e7186bb2063d4cf93fd41f3f
0042d653c8a34a597eff0dff87bc7e39793639daba75441cbdf2e65cdd05efe5
02fa1ddb00e3f15af24248938722859f1787dc8fff1a8ecab1c8dbd1dbaeb64f
02bb7043c79406755f7ddf4843dc57f5cb6284e57f90ee611434981566f7c1aa
0213764ccb65705df1240a4ff59f69bd920dc580820bb2dd9ef9c689fc67b2e2
002053f8c08f5ecb7ad54732dc97796ddfdb99118762ae705755f26734a85cfd
01a28a869874e671395d420a48174395ab1e3d6a09e87cf8da2bd8cf784539db
028448be3441401f87eed75601acb94a419069a5b9155cf6e520ad466e34a876
02aeab27cc684a98e69b3dea3a7ff7ab8661c0aa08b0192a418fc7b3b0665885
00689f48851bc4cbe291e7f7c92eba5a6fc4d482b380e5c1af5d0a2d0b4e09cc
01350c037a3ef20ce4560c558f670a451a903616096c15a5d7d986b729260ca7
0071f831860907bf4080d10bd5266997ce2ba5dca01176271c07e5b56154ec24
01b61e1af25eb822a59809291d74de8ca94c3e3fd0aaf8a73574f5bb152ac660
0009abe94182b0623b3b4e608d53446eb82e3c54b2a76cd78ccf1bd42ff570d8,http://www.apkmirror.com/wp-content/themes/APKMirror/download.php?id=758096,http://www.dropbox.com/s/dl/4kaksjhkv978yll/lite-cache.zip,http://codeload.github.com/angular/angular-cli/tar.gz/v9.0.0-next.2,http://raw.githubusercontent.com/TheWebFosters/project-camp/master/resources/img/welcome.jpg,http://codeload.github.com/jquery/jquery/tar.gz/3.4.1,http://codeload.github.com/angular/angular-cli/zip/v9.0.0-next.2,http://un.bitbucket.com/,http://www.dropbox.com/sh/3xqmrqjp8xy9y15/AABqDUwdPjQJEUzJVlWT1e8pa?dl=0,http://vbkk.bitbucket.com/,http://e.bitbucket.com/
00642a55a7391783962937fd1fb7a87b381ee6bc66049a7778be139effa8a7c8
03d9df78abf8ede5f6f7b482d505b3088fec6754ef384bf661bcb4443c75d82a
03270f76ed39a5dd9a85588f75b4cb44dd88a64afd21c74176f51c2a62d0acb2
008ac93bfbcebe4952b129142e2e881a3aca83496e0be95ef274675c8cda78b0
029df557d76d6404c9bb6e8229635afa534d4625e43eb21fcd708d300fd98700
58a2dd2d1821dfe10dfb94f6face418c98168b1ae52664aeee82408fcded6fb1
c8a280052c7cafd64d8eaf2d49644147618f1c85c770edc2419d46a51a5ddb69
021dbe56e5887178216e9c7f29349048ac443875950d2c7ee80b0965d8b97907
9e4340e08647a1333badec84b6ac470a791db7dd261ef6d61a87e872b2e3a82d
a8213d4c95ac87f864e0feb86c63f30248b797ba023f706c28a61407b03a696b
5ea0cd341e1ffb6360016d0504d818fa0b2cace07ca026cdd594ac94b0af8418
5ea0cd341e1ffb6360016d0504d818fa0b2cace07ca026cdd594ac94b0af8418
c72dcac2b6cc825b86456f3b2f268e92c1c6b5abcf8489db7fa15a39b80865e7
c3330ce6cf9c920e747826dcd6d5fd455a541a503f62c02a927169006640ec99
c3330ce6cf9c920e747826dcd6d5fd455a541a503f62c02a927169006640ec99
b65a7ec6b3d72072ff92ee91e43084831e67d64574581915de3e87aa6851a958
b65a7ec6b3d72072ff92ee91e43084831e67d64574581915de3e87aa6851a958
392bf13c877f8fdc5524e978f7334cbb42c88c268d633a994341bf74a7f0002e
9057f2260a74ed8db6421150da5c0c00ffa09bafbb3e7be6bfde60efdb3477ba,http://api.pcloud.com/uploadfile?path=/&filename=pho_380677B1_0.jpg&nopartial=1,http://api.pcloud.com/uploadfile?path=/&filename=pho_12F4540E_3.jpg&nopartial=1,http://api.pcloud.com/getfilelink?path=/def_380677B1.jpg&forcedownload=1&skipfilename=1
1803921bdd39b39bf83db4146d44b5adbbed3345174b3c80e7710343b18e974b
6e9b6426586c9a6ffff4e97b85ff2b50ea00901dc1e9c7b8d14c897752f73cfb
7766bb7ee1bff18ea17cc5dce99c0cb4ee6dde2c619b2e5d88bfed874e83ef79
5bc52f6c1c0d0131cee30b4f192ce738ad70bcb56e84180f464a5125d1a784b2
34f10cf4d7792deb40effdc6339521a04d7918daf4d95698d1f03588f0a64955,http://www.hulu.com/watch/559035/episode3.mp4,https://www.hulu.com/watch/559035/episode3.mp4
34f10cf4d7792deb40effdc6339521a04d7918daf4d95698d1f03588f0a64955,http://www.hulu.com/watch/559035/episode3.mp4,https://www.hulu.com/watch/559035/episode3.mp4
23bcdcb4b639533d16a7781fb25605420d0ac90c5301a28653fa4f56f1970200
cebeff6af15283cbf88ad37ce33b41a05ef345d342952757ef2215340e053f97,http://trust.quovadisglobal.com/qvrca2.crt,http://www.download.windowsupdate.com/msdownload/update/v3/static/trustedr/en/authrootstl.cab
2ca7c2048f247b871e455a9ac8bcb97927dd284477e7c2c4d2454509f97413b5,http://www.microsoft.com/pki/certs/MicRooCerAut_2010-06-23.crt,http://trust.quovadisglobal.com/qvrca2.crt,http://www.download.windowsupdate.com/msdownload/update/v3/static/trustedr/en/authrootstl.cab
19e4c45c0cd992564532b89a4dc1f35c769133167dc20e40b2a41fccb881277b,http://www.kgls.or.kr/news2/news_dir/6e5b663c_put.jpg,http://www.kgls.or.kr/news2/news_dir/7a0a6f9d_put.jpg,http://www.kgls.or.kr/news2/news_dir/16CE4717_put.jpg,http://www.kgls.or.kr/news2/news_dir/43B768A2_put.jpg,http://www.kgls.or.kr/news2/news_dir/636E427C_put.jpg,http://www.kgls.or.kr/news2/news_dir/index.php,http://www.kgls.or.kr/news2/news_dir/22b76075_put.jpg
7ebc9a1fd93525fc42277efbccecf5a0470a0affbc4cf6c3934933c4c1959eb1,http://www.kgls.or.kr/news2/news_dir/35B33E74_put.jpg,http://www.kgls.or.kr/news2/news_dir/246e6b9e_put.jpg,http://www.kgls.or.kr/news2/news_dir/37ca5daa_put.jpg,http://www.kgls.or.kr/news2/news_dir/5a436f68_put.jpg,http://www.kgls.or.kr/news2/news_dir/5EA371AD_put.jpg,http://www.kgls.or.kr/news2/news_dir/23b266d6_put.jpg,http://www.kgls.or.kr/news2/news_dir/5AA5738F_put.jpg,http://www.kgls.or.kr/news2/news_dir/7C007C5E_put.jpg,http://www.kgls.or.kr/news2/news_dir/index.php,http://www.kgls.or.kr/news2/news_dir/4515732A_put.jpg
bc13cb3ec485e0f6d841a315ecde3285448ab717444b339b4209c139de551e35
bc13cb3ec485e0f6d841a315ecde3285448ab717444b339b4209c139de551e35
df0b0d31a56672eaccbc1607d5d8637603884daa179f89288c7ab34bf6e71adf
d855d1d0ebd85b1da87380e144c27dff1a67b8f6465be89598ad730f1d0ba2c7
329fda648701876ad67fe3a8f9608bbbf11af4cba603e67c9e66b103059ae19e
d5f1897526aa656b65cdd53bf91fa21dc49d5942606d399c3bb2dcbce59954cd
fc22d45978d5df97f0e3777cdde6c5ec9fd7ad44f0e481e40f3d6c689d8503e3
b3de3f9309b2f320738772353eb724a0782a1fc2c912483c036c303389307e2e
b2def887f2445f19f9da7030eb08530bb4050c62fbcec6669ab7fefcb1279206
a7141ce1a62f7e02b0bfe72ba122824915fcd7fe5cf02a2ed25b298965cfac41,http://www.hulu.com/watch/559035/episode3.mp4,https://www.hulu.com/watch/559035/episode3.mp4
a7141ce1a62f7e02b0bfe72ba122824915fcd7fe5cf02a2ed25b298965cfac41,http://www.hulu.com/watch/559035/episode3.mp4,https://www.hulu.com/watch/559035/episode3.mp4
522d9d64883c32075322864e555e31113376bd2072db249aa8951a2349a99f69
522d9d64883c32075322864e555e31113376bd2072db249aa8951a2349a99f69
add68ce99402125248b285d369c43212790573b929afe8f5efa301e47f90f40e,http://api.pcloud.com/uploadfile?path=/&filename=3BF65F320008250D&nopartial=1,http://api.pcloud.com/uploadfile?path=/&filename=5F906952000290CC&nopartial=1
543876002a3648d2e61b18791786ddf4f1e6ff7733afcb70f65f162795797ad8
504a44632664652d9fe9a27519194d2296f85905fc68341b30eb9f97b8c9cf01,http://x2.i.lencr.org/,http://x1.i.lencr.org/
447c8e708d947cc7c4880c60123dba3d6e2107327bd7ffcb11825a6f4277b909,https://ipinfo.io/json,https://api.pcloud.com/createfolder?path=/1,https://api.pcloud.com/createfolder?path=/2,https://api.pcloud.com/createfolder?path=/2/01020907D22AC506
9b383ebc1c592d5556fec9d513223d4f99a5061591671db560faf742dd68493f,http://crl.microsoft.com/pki/crl/products/WinPCA.crl,http://trust.quovadisglobal.com/qvrca2.crt
a29b07a6fe5d7ce3147dd7ef1d7d18df16e347f37282c43139d53cce25ae7037,http://api.pcloud.com/getfilelink?path=/def_27330951.jpg&forcedownload=1&skipfilename=1,http://trust.quovadisglobal.com/qvrca2.crt,http://api.pcloud.com/uploadfile?path=/&filename=pho_27330951_2.jpg&nopartial=1
a29b07a6fe5d7ce3147dd7ef1d7d18df16e347f37282c43139d53cce25ae7037,http://api.pcloud.com/getfilelink?path=/def_27330951.jpg&forcedownload=1&skipfilename=1,http://trust.quovadisglobal.com/qvrca2.crt,http://api.pcloud.com/uploadfile?path=/&filename=pho_27330951_2.jpg&nopartial=1
95192de1f3239d5c0a7075627cf9845c91fd397796383185f61dde893989c08a,http://www.kgls.or.kr/news2/news_dir/398168d3_put.jpg,http://www.kgls.or.kr/news2/news_dir/22f6620d_put.jpg,http://www.kgls.or.kr/news2/news_dir/0f1d6cd1_put.jpg,http://www.kgls.or.kr/news2/news_dir/37ca5daa_put.jpg,http://www.kgls.or.kr/news2/news_dir/7369234D_put.jpg,http://www.kgls.or.kr/news2/news_dir/390465a3_put.jpg,http://www.kgls.or.kr/news2/news_dir/233463a5_put.jpg,http://www.kgls.or.kr/news2/news_dir/2d6a6374_put.jpg,http://www.kgls.or.kr/news2/news_dir/24306a06_put.jpg,http://www.kgls.or.kr/news2/news_dir/22b76075_put.jpg
eb6d25e08b2b32a736b57f8df22db6d03dc82f16da554f4e8bb67120eacb1d14,http://trust.quovadisglobal.com/qvrca2.crt
eb6d25e08b2b32a736b57f8df22db6d03dc82f16da554f4e8bb67120eacb1d14,http://trust.quovadisglobal.com/qvrca2.crt
cd166565ce09ef410c5bba40bad0b49441af6cfb48772e7e4a9de3d646b4851c
cd166565ce09ef410c5bba40bad0b49441af6cfb48772e7e4a9de3d646b4851c
051463a14767c6477b6dacd639f30a8a5b9e126ff31532b58fc29c8364604d00,http://www.hulu.com/watch/559035/episode3.mp4
051463a14767c6477b6dacd639f30a8a5b9e126ff31532b58fc29c8364604d00,http://www.hulu.com/watch/559035/episode3.mp4
3b5c70d77c6de04273579357201c9321ccb9407c7da9cb3a39587447d9f43daa
effae657954153f7fd94cc7d861a7b52c4cf35b4d46546a687a7ee7f53564e18
82de433441c683c7de617076365fa62d4d69a113a0832016b9bbeb9d6fcfca33
b2e331b40b8f4f3ed354e5794fa9c292d1bf6a364d7f812e168fa9bc6001ffec
ef5a2dc999b7e70672cee672b7320429f09fb212aafbdbc9eff30a922c1e16be
30ed2013f463b1e0a9d5f893af0d88fc7c27d47d00b60b71fa261b79796dcd7c
480ab7a543a10362382bf40740db6d6db56ae54c131d07902fdfad0e2e57077c
900d9c492e905854166c6b436b0a7b141783a29d6f8c4a8e15f383605b9a0cd7
df7948e6e6898ce94295fba6acf4b6bf842d0123d04aa21980778e7ca342e738
c2ab2d64457f01b2f310095d187fa8c34379b40f489e979d402c36a8cdafc6c7
f9bc19979d53d54f62ba70331f74e1a2f5cbe70bff0207eeaef1a81ce004a9e6,http://jmbvmwp.mxp4037.com/,http://bitbucket.org/,http://mxp4037.com/?t=16a13d8cbeec55ba3c7be6656ecc54c5,http://raw.githubusercontent.com/TheWebFosters/project-camp/master/resources/img/welcome.jpg,http://rlvofv.bitbucket.com/,http://www.dropbox.com/sh/0d31mg2wwd5wtbc/AAASGhDxivGcKGNgb1hrUP5va?dl=0,http://mega.nz/,http://ebqaeqzy.bitbucket.com/,http://crbt.dpibwauaqzwzryxfilzu.readme.io/,http://codeload.github.com/angular/angular-cli/zip/v9.0.0-next.2
64217654d45398f31f19d8000d6168a30857546be82be4f4b788f2cc489685a1
6f889ad4084d6796eca9c6a63af72e378a91797e4073881b49c9dbf01cf0c205
c63df4ccaff78a3fbf6ce5da759a77c2ca8034779dc8fd4e6319b65113f95860
f821d4346fee92b91dbe2fc83894bef8bd3aa3a93a5376b20b774eb4414f62a9
e91fa5b464ce16f974adb1cf7647d3c671e373e5a58e6c4c4183a58f2d060468
2ac6d9e9e4bccb2549c899ca6fb75d82d42caf72b34ddd3db15a04e3aa014845
80223cbbf0474a2bd99042366f33f07ecad61ac681290f362fea6535c15e8f6e
3b374720a84df6f340d642033a64de2a6a15d859cfce245901a0b7c5d64cb5cc
290ee364264d55745dd95e392abe266eb69d96f25fb3778b0a4f5f7e57bf6467
b691f542ede068039343bf00a0ef6cabd4b41039775a3c4f1d0adea5abc7a905
7f6222690a376f2138129762d33cf7cb3b49e556583a2e122bbe440f065f72c5
0e6c269773b819c8bc037b8103b4f87f3742d45ca81dd0f958df9abeb2a23843
d2c4a59117c9757a0dc3a028a8a04e8cdeefe18f2784d80c26acf2b4f31d6b9a
93027264a745a2bcbb9073c81a00625965abedf38d46e9b82a52a3a55c64c717
d50f76a4ae82be23793e7a34e1fab71a3e5ac522a9b45266a85ff2f9972bf09f
dd68afe4b1d8310ce5673ef0811fe6f2333222865f37d5d79e9bb41696e98f96
8945a089afd0c8b050846b10357cc53cb43cb504f655ba3f49067907f11a297f
55f8b873e9026111eea142c9a4102f826cdf927a989a3614c7fc0b83b8408f84
617c7f4d106b2fdc81700212a0240019f74997492dde7002cd09886a9dedaf76
f6068ad0f0c8c8698997d2cfbf632499861901b52c7d74b1f4587ac4a5528717
e43d12f9b6da13c322e0f5262b58df1027c839fccebacc7a19cdebe4e7ba95e7
9ba081187cb866dba3c98942617add946690e6aa8ffd0a06cdcc156ff134478f
6613d9047deaeaa33aa65771d2b1f7435dac3c2f9b5b0a7bbab30231201ddd14
b908514111acb775906817d5bd63bc6a726ca2d291f3b4840d29bfb65299587e
ce4e7560868eaec766413d0eb77be3ce5398d66413709745959fb8eab36a7dd0
eba2066c6c90db95e57b18843e098e3bbe25553ff4c3f06a883c7c84794247c3
41be9f5b96aa869a28387b1ca05185a5028b87879546153ef7ce72ae2f9ff16a
f422a517e908214d11bd2f38c2e1dd00fa985f4983b4b093487e57762b4f2476
5dee73be0524ed73f36644da0e16f5e8a9607adeda142939579d1827fe40becf
27bde818cbc3d8d68a3c1d87b09caa75923429dde5e8146e5ff816227a8439cb
2e674a40e3d327a357c2134bcccb8d680fa2788b3e622286079be0c4c36eeb33
a42844fc9cb7f80ca49726b3589700fa47bdacf787202d0461c753e7c73cfd2a
a42844fc9cb7f80ca49726b3589700fa47bdacf787202d0461c753e7c73cfd2a
676ae680967410e0f245df0b6163005d8799c84e2f8f87bad6b5e30295554e08,http://api.pcloud.com:443/getfilelink,http://api.pcloud.com/uploadfile?path=/&filename=1ABB062500033C9D&nopartial=1,http://api.pcloud.com/getfilelink?path=/2A56571C000158F8&forcedownload=1&skipfilename=1,http://api.pcloud.com/uploadfile?path=/&filename=533836690003D538&nopartial=1,http://api.pcloud.com:443/uploadfile
676ae680967410e0f245df0b6163005d8799c84e2f8f87bad6b5e30295554e08,http://api.pcloud.com:443/getfilelink,http://api.pcloud.com/uploadfile?path=/&filename=1ABB062500033C9D&nopartial=1,http://api.pcloud.com/getfilelink?path=/2A56571C000158F8&forcedownload=1&skipfilename=1,http://api.pcloud.com/uploadfile?path=/&filename=533836690003D538&nopartial=1,http://api.pcloud.com:443/uploadfile
2a253c2aa1db3f809c86f410e4bd21f680b7235d951567f24d614d8e4d041576,http://api.pcloud.com:443/getfilelink,http://trust.quovadisglobal.com/qvrca2.crt,http://api.pcloud.com:443/uploadfile
2a253c2aa1db3f809c86f410e4bd21f680b7235d951567f24d614d8e4d041576,http://api.pcloud.com:443/getfilelink,http://trust.quovadisglobal.com/qvrca2.crt,http://api.pcloud.com:443/uploadfile
c7ccd2aee0bddaf0e6c8f68edba14064e4a9948981231491a87a277e0047c0cb
c7ccd2aee0bddaf0e6c8f68edba14064e4a9948981231491a87a277e0047c0cb
3a0fc4cc145eafe20129e9c53aac424e429597a58682605128b3656c3ab0a409
676ae680967410e0f245df0b6163005d8799c84e2f8f87bad6b5e30295554e08,http://api.pcloud.com:443/getfilelink,http://api.pcloud.com/uploadfile?path=/&filename=1ABB062500033C9D&nopartial=1,http://api.pcloud.com/getfilelink?path=/2A56571C000158F8&forcedownload=1&skipfilename=1,http://api.pcloud.com/uploadfile?path=/&filename=533836690003D538&nopartial=1,http://api.pcloud.com:443/uploadfile
2a253c2aa1db3f809c86f410e4bd21f680b7235d951567f24d614d8e4d041576,http://api.pcloud.com:443/getfilelink,http://trust.quovadisglobal.com/qvrca2.crt,http://api.pcloud.com:443/uploadfile
3c59ad7c4426e8396369f084c35a2bd3f0caa3ba1d1a91794153507210a77c90,http://api.pcloud.com/uploadfile?path=/&filename=678418BE0005672D&nopartial=1,http://ocsp.pki.goog/gsr2/ME4wTDBKMEgwRjAJBgUrDgMCGgUABBTgXIsxbvr2lBkPpoIEVRE6gHlCnAQUm+IHV2ccHsBqBt5ZtJot39wZhi4CDQHjtJqhjYqpgSVpULg=,http://ocsp.startssl.com/sub/class2/code/ca/MEMwQTA/MD0wOzAJBgUrDgMCGgUABBQSOgrhRCSnWfKxoWTjWxhk8hga9AQU0E4PQJlsuEsZbzsouODjiAc0qrcCAhAV,http://ocsp.pki.goog/gsr1/MFEwTzBNMEswSTAJBgUrDgMCGgUABBS3V7W2nAf4FiMTjpDJKg6+MgGqMQQUYHtmGkUNl8qJUC99BM00qP/8/UsCEHe9DWzbNvka6iEPxPBY0w0=,http://Cookie:admin@google.com/,http://api.pcloud.com/uploadfile?path=/&filename=06003DC00005939C&nopartial=1,http://bit.ly/2Np1enh,https://drive.google.com/uc?export=download&id=1XQwiYeCCV0C-SsP7iPwD5FGSHit5yysv,https://doc-08-9o-docs.googleusercontent.com/docs/securesc/ha0ro937gcuc7l7deffksulhg5h7mbp1/8hdfe84qu2812aeia3kj1e80ulfc0bkf/1607345550000/00614111482142402963/*/1XQwiYeCCV0C-SsP7iPwD5FGSHit5yysv?e=download,https://drive.google.com/
c7ccd2aee0bddaf0e6c8f68edba14064e4a9948981231491a87a277e0047c0cb
a42844fc9cb7f80ca49726b3589700fa47bdacf787202d0461c753e7c73cfd2a
ffa055ca89f628b3e7dd345a2d9afbeffd581944a091cd715953ece56d591cc1
0bf9b7c332140d960285e2539ca38272e4c4363370ba96963c316c904db8f793
2f58871f20a79d8f771fe8cf592f77cbd8303abf10a36e765f64a6bddc7bb5a3
956042d073d289a42b43bd8fbbe6b29dac366342afe85dbae79c853fb05cd671
5116a9e05fc3e3cd5d9675f80d4dbc52c9e2a13fd072636500bb494faffbc26e
ab45285b3628121a22bb683391b6ce7492f76fa91444a4cf9f08f21a3d48dc13
a8c2c6101cef779b12ecfca1bbf19ad3588be97d15c0500b517d5cce389fdcb3
127032018c4affd36fbe6eb7c490161b6d5a91ed597db74f7b2f83fa39c6a2a6
4e6e8bae42e4788568f77b08d7a2b951755f85355eb9227c9d8b37d9fdf04a42
5f0c10f3e162a5622ee1b745ba1a6abf6638bfe790379437cc8725afaa8b289e
7c992e3ae537dbced3af273a508eb2f6d7d938c43b44080030151917d0e52c00
feabe49dd9dfd030fd39e1c563fc2ffcd186ffb06e6c7486a0ade01df23e25bd
16319e0e226296feeb6c44e187d48237d1555147ce0c4304054b9708a79c4436
da791eddface30b729239da43f569d16d896d6d59762c7fb687c4e8518475260
3a07c91cdff385f0e73cbf6c69337a1416811791d7557812ed698233cbd10dce
a5ed2a2ab8233c80aaab7c8ee09aa3106e0551db185eca193b05f1d2158749cf
35d14f7b9cee62a5bc4521ce250496adf421facce6652c83080ded73287fed68
8a81c30b12b9a0e050f4a2151d0cbc891f4caedc59b11b1fb4ddbececfe9ba83
c31b761ab84c593ca408163a560f19993d6e6490d85673bc3267d58e6ab7de22
b1db5be47f242e825349f8aba9ba0421ee9f910adb8d3456cbd40b3a9fc0550a
a4a9e358fea9152d81d9aa61af1c6ca969b97d6cbb2ee7c319fe4398a86044c4
7eb853adc6f43b10345e17c6f1f6a4c1bb92177fb44bff1d577c93a59c278925
b4f64a669b1985388d0b4b0e39e4c3d983a6d8948c1d6378b916f363a7f557d9
fa70e9470ad1781444d23badd3f38667a0c71bf0d3575d935590749b9e96456f
4a6ff745c3b48e89d903d6755d2f356ce6d4c9d7af3ad6ce5065881834c9ab5d
1c21a5e3d0bf1b934f5b4a54ad73b8b19b3b01eac14b0d0092a0582499dc9e8e
c9fea01f5d554eba41e43647d495271558a6532626246d63b80afaf8cda1c62f
3f11b27b8d1e52a4a21f798bd569fbfc8e71c7ecb6acbe878c99d016eb2a07f0
82c8b8e62a19704f1663d68c28d036928340b83106154a045316fefc46cbd375
db8193c26707a9197d85f7f57be224c80cde6e32dc1be71502fafbf98aeb0e67
00481917682e4e27f87610fd2ce6f4ab7ce940628fdb6567afce06adbe248eb5
46342bb9b0ecfad2a00622bc8b5f9ef70772b35f311c88ee3452c4a390155d88
7c8909fb83ed747c0fd1632e3a8c9c4b13fe26c9d6f24119ea6f32df7fbcd2d3
87349a4dac001a3f7394be3cffc8a0b0912778420930a1e9f2d9bd7c411923a9
8910eedeb1f0241d2ebce0f5c77900bae60365966572216dd01a00a2ccdc8848
514c6a4e0c761e75a18dd9f18fda15a8fa27ae9d0670aea8feedd389667accb3
72a5a3f01071e6d7b8683c84ccdc245f8ca2629c0651c9e44558894708d41ce0
269dfd5978df72f5c5a285310d462dba7f6744f9743214e146daba96ecea88b0
ccadb23733918f7e7981739fd8d65254b2bc81b66a27bcb33ac3ff6a5ffa5950
9ad8021a47c1f17e8d10f011f54241247b36b5bd9304428988484ea9fb549642
b2d652db68a6524fbc95b17e6929c32f99fd94b6cc116a5ecf77e621ddf4b5ee
4d5eb489a77ac56a3de461aba3a96eaa7499cc0ec1d854efa822711b3afc8433
e1510a4dd7135e01f2cdb8f8a4b349b15d7773f26b32c2d3871211d2e48faf48
6df9f1821bb5a11b8e03a530f541dfbc314b3500a13adf36eb8889602f3612cc
7e128daa3ae078893b063120c2b002a9f16d355a1d7978079d5446c9c9ebc42f
d552d4b803934026df76363d692ed2f37d4536f2f63e10bfbcf28597df303b72
aab7fe3eb68085344ce05a209c57ae9f90d6508c62ed94abdfde1e73d6491547
649c6363b282bf01bcacfdc053185b424f95faa8abd208e86f7de9d86a2fcb3c
39297cc079f3d9a081f91c13ba6aab894c646c54190666b7e42bc58badf918b9
7dcfd1abc76504a48f563d4ba5e5e179b79f9c63b52a8bb858c211f96d354e1e
7e85cd20f200161ca994e6ebc068fde1f869aa69552f745fb29297715877e485
f2f81c716379231c57bc3674fef84328130f992a56fce5e9ce53b8efea64f358
6e829e4211f7ad1ec41ae8f8055499cfab7f39b61dba9554a858e7a9bece7312
91239706b8ae386254acc379795538dc4b87e6cd9960b7cdf469e3d8a6600a8c
990b6dd13f02f78ff4b71647c63097e70c48a1b908bf6a544c9f7d0c4275fcc9
42dd23b2927873413c2030185056aa02d57b8d87cf988f4aea0a2167444ffd97
df669499aa0319c81891448f7561283b7917e9ea19414382b415d4eb540b13bb
ae3e3a8a3663f6c1c650a1aeedfa7624305f60a8aa1ed0b4451f3d04e9199ce7
e851f1f2b8b5b669aadf58ea6946d3c7eee61e20221d755e2d79f17621718f27
3faee322c3dd436f378f7fd3c13356e0c286a68cb88b365763abdc8933695948
dff39135909c8cff3917a9ca0b1c33762b1fed6b3f1cc8ff5b2923f102ce05dd
1839ccfa16745994cd189d7dde5dbfbc7a9a8516384515bd394607fe5da5194b
1f6c0432f864af3a7b1f34dad8b0fff3e92ca412c5066ee06c3ee32f65f78cf9
94b50981b271297b9001d3b05d0738c258308c520395fcf38d8bd2e07156b6f0
74ac459b04ea3f1c61bc50e0a00a5ac895c5bbe4e85af4ec4ebb8180812efcb5
8f69ffd99e844df48b72d3821b9d6200c2f40fa07084a9aa9c46818e53ef8dcd
948980031633761f7f7a485cef358fdc8ff99a7c9dc40827cf467eda7868ab40
13c71ac367d4e7be69b3fe1e664156554b883170fe71c05a6599d5bdc36a5743
38cd199fbe6bd8f27f3e7740db55f13547cc5194ef2ae39216283a9f686ed098
2f4e9e4d4fe8eec973eb752c13848064280ba3172edc117a2abf69cf434c0ce3
6fd0bac728af96840a0d0c8bbf0a5ff40da934b7c896278ca70965f2c4e98033
0baa5aa169bf615da257ec9297c8c0b28c09d9b94fc9a8d964dc52f72280bcef
2fa2580d79018d438a0e2f365c4ec94782bcc93a783481deced9af1ecfadf715
a906f44dfc59e6ed7824d0c769bed886bbdd26848e798945c16c879ab5d878d4
f4d7481fb91071c9f4589512365d1731b5c5ff7d5931472851f5f026b56057f5
df9d73cbec3202f2d20349f055ed4ca0bbb1915549e9bbffd2b61eb96b457a25
db7afea19fedcdeec5038d3c071156204884c32aaafd42b100179f31123a416a
5217ac12e7c4c9864d1024d7d45e648fc62f81a205abf5694ba25ee9b8a6b1e7
1b73c4887646f6f1b006cbed3f62dfc3d1114ac8859e286bee5ddb1a62bee433
0633a469ad5787cdc3e215d03d6f917ccbf69eba2d8d26384d336108ec16f14f
35966250c588ac62ae24376239579aebd76010781069b706964c1c06aec0122c
a9d23affe48b0a5e9b53d956ce958f736c601a37dac1e0991d407cca0fc9e517
db7a829af9848586e85f4841bd5e3b35a95f12bcedcc52309057745e1a867464
559eb03aaf846c6bf5b94c55878ee6eafc30590f9ab17c5d62644982431ed9d6
a6de611f6c7ae748e1b0222cc4c592aebd0bc9de4cf25b650d8b6be71dd0a838
1b3517dc90c0ef745ecbe95b72b9af72ef4c62c4677dbd19b26b9456fd1e6a28
ef3a340ca79f334d67e8991a81fbe112a7bfe8887f5182d727b964b075845edf
07fb6bfb4a6d66071d40c37df01091071453ce0e4deacee3129945b03778640c
c06c691b1cf308a9e5d1c61faea79ee0e5babf878a03aeb708e8b3ddc6147bc8
64e52833e67eb21cc3b9d050ff3b285015efc26aa41cc7dd0ebc924c463d2368
c098075400557a957159509f27e47d3f5e1706c06a3c5adcffb10215391e54f8
56f8ca7f9d2d17c65faa2702755c6cbef919db1fe3a0130c56535fd89659cb9a
99e7ece9bb0f1704d516022f15c627cb02560668e7a52412661a2f852c262a75
815b20f786b50f64bc3e595e6b9dc015ce5c8a11b50a78c1599b863a11420793
3d4960fa43bf777ac1542ab854b411902d669fbde7212d612916bc1af43ac1ac
85ddd2cbd18bc7b127b2d3825eb50f7408643508f7b433bcbba2b06a9d224e5a
8886b4233ab0d1009d39cebe8b284ccd873f38c7a971fd593f1b1b20c8a0510c
d552aff60ffb76fc5d986df3baa6f034e887bd78d8ed13385821a28253dde623
224545c7e72413a8527cefbf4dccc8c069e815f3cda73aa8aea8399a5ccc7f11
0d6990d63f89828b59b9654c311b070403aa246bba431ead748b19232e6a1298
e09f420232f3cf17ec62cc61ffd23eb487851ef90af095789df2592b506bed68
acd4ebd48742a6a5cb8b46bc9657d2dfe1e235adb995fde46889d4f75be8e469
59a88a913aa120d3c7c3bd4bc9f34a21a668dbe51240541dc1a22575414017b5
4247053663c1af3bc07c223a5b89e5c8e6ec88f760375d5854ddfcb07e558b44
907664dc7bfa30ded517c409958f958d612a0d23e8c8269597db083c27b29e2e
54b24a58fc4d7e2b2b0bd840f75981f8a28a72a0d39205de8505eb4dbbfe4df8
30f916f1861d14a33d52bff8756cd3d3a17beaa02b5bc46bf1873a8fa235a56b
8910639bf499c856cb7e5c3f92aaf5b707ab458c52848f8a202e8cd3cf44d42f
19aef335d1a8f8eb2c4e1ed8a8034f7e1f065d1d2943b1546d2b07f1da1a0c6e
ed8410a34ec207746c4e9fb77c7c51deb39053246c658cd8bf326db266ff478e
3034cb6d270221be3c862e66703e149ee8379a7d2aa9af9820fcb143d9f35965
b44c641687c8d8d0e9118c870d56df3b3ccbb235c8baf74dc09fc710f9ab6a9b
123abc31a9e8e18b9ef94faa0f2cab1e4f2c62937f6b8b2f9c42be6ae1b6946d
68f225272a563c854c3153ebe0995b5914654b78295201d6c5aa35dea1f9526a
c5e11df016621590e9872c9367686e0bb628e3b77921f91641ba4bf75c39d941
ec1c77556819f592713e8bed34b8ba0ce71685976f49e148d069959f6595354a
652ad47112166d1e449cd840c12310b89d4f6b1bd9bdbbe5dedb01a7d9c51fd3
6b996ff9486da8833f2c933d7ba6e3c496eb8f61804293075d2d3a3946710169
f62453067a4bbb10db909e43da04f88d611fb793a3db9cc7449b3bfda39cdf4f
35b5952c12b15f59f4df934b2b40e4cfc62f2bb61f87396eff7dffb2c76420e5
7f18f5c995a5d559ab9d776c10aa3903e9d67a916f870d57b4a1314281f93b99
a75e3f197415dae5431c9e917b94a9eb8aca1349b9f83d1e18b2f578cbaa91f3
9e60aaee2997d1bd3aa613635fe4124aa2772ff5078cb3796284101000fc0586
34ca7f052e2e6fc527222ea1099a61e899611214697de0510e3209570d1237f4
96667c8b76329f631f19bae25e8b8da2f2d719f0d5fbd8584e46e7b5b6fe0c91
927a7265b10d0a49f079f8531fcfbc4425fabce231f617c95dd2c15b26e94d83,http://kampower.com/,http://bzxuqlzlgnpa.oxaikhpiajlymiejeyha.readme.io/,http://en88lwtnlt6us.x.pipedream.net/?son_limit?brother=1732400740&istime=2020-12-24+00:55:43.3226++0200+EET&runnigfrom=c:\Windows\System32\tKsavQsKqy.exe&seed=1608764143322600000&selfhash=2ec9abf6514548fa0f1ee758f214e43a7cadf7f8b732f0066915685970936cc9&son=1196641652,http://mega.nz/
f1f66f827d999891eeb5647d288de90f1e62443b8969ccf8859713b26de820f2
b66092d0c29df578534cee9c5228e08db37585c5c1eb851a8d921bdeb7a6af68
2daa825232b1a8c4ce1342499305032487646a9ad3878810e523f867063c2a12
0e8ad51130a1feaf3979173d598f46bc61756562776ca16868873be0d2fa219f
2db204add17d85edc529b8a603dfeabc3417c03bac18de13425f0141734c9be7
e204601431aefa3bb0526c7bee58ddfab4e0f70173a667337ee93fd64904fe81
871142984ef8dfeecae3ee771e8225684d6fef274cddd2d943360f575ae7b890
086c1053e244f675867c45030ffbf4f41fcf88ae84458b1977731b3e1f463a89
45e4c90c8ef0967e532987722d1d01d17cc3ddd1d14ffdb39b79d4bf98c519f1
5e1f08da77f12777f490ec4a001a26a64b611a01954999545cc3fa39dd130ffd
ab8293f38a75872f02650b66969ff420cfb184e6cacd73a1b38c511f29c128ba
7eb58efb1bee8acf7db07b3ad605d5adfa8b1dbc70683c756a099ca7ebe77218
03d8b1725570f269e1d2425561340a2343d24466f9c69b8da61310f806a3d4c6
f218b6a6002559f04911cf98a3d839d9adf63f7e00a1cabf95fddf782c1bc592
c41acc605de784e974d8f262992ec15b49dc9f7852f9d498e0df85ac0c1011bf
4ddf4bb18355afe173dbbd977ff10f39c9a3d70def9e2ffe74a5970d6ac59e4e
f8b449a9131faef47fc590fd9db7b7595e4fd6bdb52c096b95a1a4ee7eaa292e
086fdc846a90e13cd88e85529410d5a98d6ece4232814512e008b5a39c4069f9
a87405bc97c453b585290410eb808c1b12df3f68418711c18a49835623e99474
d1ba5a5090e5526d07bcf98534455976fd6a61ae158f9bfa04d66ac548a719e9
30a0c39c9857edf12c87eb2fc9c1d6dba5a3e1c0206ebc1c6e591b354409607d
ae362814675574ad561d2ccd2d7e380c03f3e7c0cdf90eab341ced945472c090
cdf75ae8e8562c007d6a68d985273bae18797eb55579618fe13c49887e5505f1
c0e13d1d6c10e19330e69881c4c72f13b98b237a6e9f4cab883d74fe5ab7ab83
a666b73fd6fbe4108743e7cac80c4bc661d471c543c3b664e2b02e5294db9913
ba4117747330773d19a42a499b103072010b4c65702a77caf2f3d3a98d27cc07
16e30832c067e89ec33c55ec94cd3a2a2b7a97715d48a9ba8db323d2b508cc53
ff287c5aae8f15e4e1b91b723a48376c63d26473bfe357711b5b2c9b2cf758d8
1f16ba3f1f46d14a12ec23685df0b49b015bac4061481c38b2ec3ff3f6714574
45b299060e4adcc060ee9403663b521d7bbcc0649619de3ebe575eba5eb04f27
d4417baa6bc7d1addf441676d5d97efd1027d280b7517a7e05e31506fd999105
ddd5a44deddc824ebd872dc1d99c39a2840cbc0e138f9d7bfe6945e0a5e7edda
840ff623e29afb42ccbccc6d39072a4c1f4491eb52c69c5e9a253a568ea09c06
75485b8d4aa653158492b28bfe93bd20c0a46e45db49bb21e0ec3297234f2911
52811d7c14933e21ab25f8e22ad255ddb2c8eb0923dabf3b5b39c2067f3b2256
63dbc71a1cc5a838538caf18b606417774f4dd27c475f4a93d1212359e7ad423
893c52d32d50107a43abb8550ee64c4dd28f555e26a9157b1e177544a871e90f
98beaa6064461ae672b88478183207209c8f94cdbb65149c894b76f5dde85557
4b11fe4e6a4e925dd11869a9d35c42edff79be12a5186066891e4103d23533fe
83dd5360856b77916a3c3ed58733eb00c3631a6cf1865549af85aaf939f3486b
ad5a3777dd858f9d6a71b7d449bdcc304aa6c54b6d9997a00662e7525c010e71
717222661e1babb54a7a8179c795e1dce3ada2a6e1b21bc5a856fb94a6f8338a
ebb341539cfa808e1a71a87b749ff6186419238802408160c92177327dfce025
efa7817e116104864137401fb6a0565c9913f7fc126520aba9d690e799898615
8d02766a3c448c744b2d08dba36f0ecbd953dd4d8e5bd845b53782508c4bbe87
c17eb426b0db1d31bba9278a69395ccd2563551379c327aec47eca1635f20955
8d05afa5a43ffbf647ee196ce609cff1ebf9c4d8259d8d210550474468a4fea3
b701df9b4af7bd934ff3323d2580b573dfb80ae55d6fd303bb347df760d6a5bd
4ad2ec0829de923b38a7ce0ebb95eeb0521422a2b843dc5384ce8bc4443d8482
59726cc4c0f441627428996aa1405217da0b0e39aa6c6e452fb8546897f9c148
213c6c94873c79941759ac0b1c1b4a496416db7fda5c3fbf29b333060841ebe4
49ac71b3a95b08a8e2ddb53b45648b8ca9c715d01020021497e7db8fcd196633
20a0135fb77c0de5397e09e1ba07dc14ccf791e10f526e4a63d670c83333a3cd
995420f34a60987e38a62082ce5813d8e9e5069d9fb3db68ef8f4e1002a59364
97f81eae11242a5296d1559972577eaaddad5a435855aaf148fc5a3609099103
987e574b46252b359c7cd55a92bb0ae8e1cf1b0b690d9b903f21fdc2f6290342
ffd22b557c7ff1056665c1f3b02a5d092c87c57721f3a654edfa800d5bd43ba4
f2e8ef325a71f2e2beb2a70cdb4f8f857033d0db6197c3df72b52014954aeb13
531ddeb0e6947226d8f6c4672666054161b02a084943dad13318fe70feccca68
8637783a31a3d644638393f2971ba940665f5d35880be62fc5ebd2e041793fcb
761e1c9bdaf296889748f3338a9aa12bfd6e88540e511e3f6aa4c93d6cd08011
faedc07d7469eed9201eac2258c096cd422343b9992716a14ea29aaed8dc03d8
6cca872dfaede06856a2407330a902f173aafd4918ae54b9b6471ccd8b8ff3f4
974106600bbd8d2e389d0112a0985ff376aaab6637fe28c29dad4af768982a4e
5065fcae2c1357d47b0c0d379e8e380b00357f4687558fc27785ddb2d5cac51b
4dea4e39174997f47c6e34295e3e9aa0722ebb33e283de36d9c5edf30ea94715
04c76dd264be972f58c09ef3687448ea21cd1c527a302b84601a5130d6221422
2079dff14592f4ec493b3d73860523011e4555d466d0d8b902cb85d836af41c2
6651020bfee7457223c57a3b44248a25498f2d04510660c9993b20d9e7a89545
a60e3f34ac540943139b566246ac0fbb39cf7190b0887354fff3f49b3a86d81f
19402ec0fea3d83007a1f808739265449abb14acdb9f62eb6a5210b57e78ff6e
1023ba368b7e290a1957302d59d4c16a75239d226c1c3d5c8a877e92590da1f7
40807c63aa352a71bd33365afdfc74591194196b3764085d3b185947446ec198
40807c63aa352a71bd33365afdfc74591194196b3764085d3b185947446ec198
545a0756449ee6ef221b397308ceca8c81e63d4eb914406a525c9ef7f009cce8,http://www.yixun.com/
d7ef08aabb432d58ddc6a5a6c286c3b729c9085a987e46a6a82652fff4461ef2
47ffdd88735c5c9d20370b4a0b6b4aaabeaaa13b40ac488ecca788d5e7ee491f
b01718fd2c768e9564fb087ab560f91b85cfd46eab25987ca15c6ba01848e09f
6a60cd318d1bbae691afa685e1b21799fa62c2581231309bc4d6d2a88270fbeb
60fff84d43d1a18494d44b9bdb9776a71f6cc30373c8fbb663877ab7e28a7581
c12da1253c554b1b952eb3fa45818e267c2ccccf2147981ac3c31bbcb5d84c23
057635f414ae4f9febeca5e6325c9d0e3c3b2e4119e6e6032ea13744e031df01
2bb693e06f54026a74b07fec0aa7c61bbfeb31124be2e5642f6afd83922f28f2
df2ea575168063c53454b5f07f2741d728276309049a5b8906948cbc653fea71
4cea9dbc941756f7298521104001bc20cb73cfdda06a60a9e90760188661f5e4
6c372f29615ce8ae2cdf257e9f2617870c74b321651e9219ea16847467f51c9f,http://www.kgls.or.kr/news2/news_dir/0e9f69a1_put.jpg,http://www.kgls.or.kr/news2/news_dir/57E6778B_put.jpg,http://www.kgls.or.kr/news2/news_dir/52D10110_put.jpg,http://www.kgls.or.kr/news2/news_dir/38095f42_put.jpg,http://www.kgls.or.kr/news2/news_dir/index.php,http://www.kgls.or.kr/news2/news_dir/584D62A7_put.jpg,http://www.kgls.or.kr/news2/news_dir/2c305b7b_put.jpg
7d8008028488edd26e665a3d4f70576cc02c237fffe5b8493842def528d6a1d8,http://www.kgls.or.kr/news2/news_dir/484B54A7_put.jpg,http://www.kgls.or.kr/news2/news_dir/70137166_put.jpg,http://www.kgls.or.kr/news2/news_dir/427d60a9_put.jpg,http://www.kgls.or.kr/news2/news_dir/72614335_put.jpg,http://www.kgls.or.kr/news2/news_dir/0d6561a8_put.jpg,http://ctldl.windowsupdate.com/msdownload/update/v3/static/trustedr/en/CABD2A79A1076A31F21D253635CB039D4329A5E8.crt?8f1492daa9595cea,http://www.kgls.or.kr/news2/news_dir/5909676F_put.jpg,http://www.kgls.or.kr/news2/news_dir/index.php,http://x1.c.lencr.org/,http://r3.o.lencr.org/MFMwUTBPME0wSzAJBgUrDgMCGgUABBRI2smg+yvTLU/w3mjS9We3NfmzxAQUFC6zF7dYVsuuUAlA5h+vnYsUwsYCEgPu+m3hwaBHJo52QTuCUHr6qw==
537fde81db7b6dbd38470a8bddacce8c0ddc6b12c388753ae3541ceae2c7f84c
b3de3f9309b2f320738772353eb724a0782a1fc2c912483c036c303389307e2e
